{"cameraMode":{"drawMode":0,"name":"Shaded","section":"Shading Mode"},"sceneLighting":false,"audioPlay":false,"sceneViewState":{"m_AlwaysRefresh":false,"showFog":true,"showSkybox":false,"showFlares":true,"showImageEffects":true,"showParticleSystems":true,"showVisualEffectGraphs":true,"m_FxEnabled":true},"in2DMode":false,"pivot":{"x":-25.293899536132814,"y":15.804166793823243,"z":30.648927688598634},"rotation":{"x":0.07757439464330673,"y":0.8352922797203064,"z":-0.12214082479476929,"w":0.5304725170135498},"size":2.5839169025421144,"orthographic":false}