{"cameraMode":{"drawMode":0,"name":"Shaded","section":"Shading Mode"},"sceneLighting":false,"audioPlay":false,"sceneViewState":{"m_AlwaysRefresh":false,"showFog":true,"showSkybox":false,"showFlares":true,"showImageEffects":true,"showParticleSystems":true,"showVisualEffectGraphs":true,"m_FxEnabled":true},"in2DMode":false,"pivot":{"x":0.002373218536376953,"y":-0.07651376724243164,"z":-0.014480113983154297},"rotation":{"x":-0.13955308496952058,"y":-0.6500871181488037,"z":0.12313714623451233,"w":-0.7367458343505859},"size":4.324585914611816,"orthographic":false}