{"cameraMode":{"drawMode":0,"name":"Shaded","section":"Shading Mode"},"sceneLighting":true,"audioPlay":false,"sceneViewState":{"m_AlwaysRefresh":false,"showFog":true,"showSkybox":false,"showFlares":true,"showImageEffects":true,"showParticleSystems":true,"showVisualEffectGraphs":true,"m_FxEnabled":true},"in2DMode":false,"pivot":{"x":-546.0370483398438,"y":12.959287643432618,"z":462.85791015625},"rotation":{"x":0.1642264425754547,"y":-0.022210411727428438,"z":0.0037579964846372606,"w":0.9862197041511536},"size":0.3148644268512726,"orthographic":false}